~id,~from,~to,~label
1-326-HAS_PHONE-944875563,customer-1,phone-326,HAS_PHONE
2-324-HAS_PHONE-1275551927,customer-2,phone-324,HAS_PHONE
3-310-HAS_PHONE-1237348903,customer-3,phone-310,HAS_PHONE
4-326-HAS_PHONE-1749880572,customer-4,phone-326,HAS_PHONE
5-347-HAS_PHONE-733890010,customer-5,phone-347,HAS_PHONE
6-348-HAS_PHONE-467859611,customer-6,phone-348,HAS_PHONE
7-350-HAS_PHONE-183156554,customer-7,phone-350,HAS_PHONE
8-308-HAS_PHONE-900740603,customer-8,phone-308,HAS_PHONE
9-327-HAS_PHONE-1478621812,customer-9,phone-327,HAS_PHONE
10-339-HAS_PHONE-1060751832,customer-10,phone-339,HAS_PHONE
11-315-HAS_PHONE-1438115772,customer-11,phone-315,HAS_PHONE
12-339-HAS_PHONE-551414216,customer-12,phone-339,HAS_PHONE
13-329-HAS_PHONE-2143312107,customer-13,phone-329,HAS_PHONE
14-335-HAS_PHONE-782754412,customer-14,phone-335,HAS_PHONE
15-316-HAS_PHONE-859066787,customer-15,phone-316,HAS_PHONE
16-331-HAS_PHONE-1015059035,customer-16,phone-331,HAS_PHONE
17-308-HAS_PHONE-258636487,customer-17,phone-308,HAS_PHONE
18-318-HAS_PHONE-929840913,customer-18,phone-318,HAS_PHONE
19-350-HAS_PHONE-1903595005,customer-19,phone-350,HAS_PHONE
20-346-HAS_PHONE-2088098834,customer-20,phone-346,HAS_PHONE
21-350-HAS_PHONE-1088785683,customer-21,phone-350,HAS_PHONE
22-327-HAS_PHONE-392496863,customer-22,phone-327,HAS_PHONE
23-316-HAS_PHONE-552618142,customer-23,phone-316,HAS_PHONE
24-319-HAS_PHONE-1331134759,customer-24,phone-319,HAS_PHONE
25-343-HAS_PHONE-1883046376,customer-25,phone-343,HAS_PHONE
26-309-HAS_PHONE-13147918,customer-26,phone-309,HAS_PHONE
27-331-HAS_PHONE-1691614660,customer-27,phone-331,HAS_PHONE
28-319-HAS_PHONE-820639809,customer-28,phone-319,HAS_PHONE
29-346-HAS_PHONE-1884426387,customer-29,phone-346,HAS_PHONE
30-343-HAS_PHONE-454883545,customer-30,phone-343,HAS_PHONE
31-331-HAS_PHONE-1420963672,customer-31,phone-331,HAS_PHONE
32-313-HAS_PHONE-1431714342,customer-32,phone-313,HAS_PHONE
33-335-HAS_PHONE-1982516838,customer-33,phone-335,HAS_PHONE
34-336-HAS_PHONE-1247976319,customer-34,phone-336,HAS_PHONE
35-309-HAS_PHONE-1789031364,customer-35,phone-309,HAS_PHONE
36-338-HAS_PHONE-821358733,customer-36,phone-338,HAS_PHONE
37-325-HAS_PHONE-1008585240,customer-37,phone-325,HAS_PHONE
38-337-HAS_PHONE-134155364,customer-38,phone-337,HAS_PHONE
39-341-HAS_PHONE-1945655403,customer-39,phone-341,HAS_PHONE
40-304-HAS_PHONE-222593041,customer-40,phone-304,HAS_PHONE
41-301-HAS_PHONE-43758553,customer-41,phone-301,HAS_PHONE
42-313-HAS_PHONE-2060080980,customer-42,phone-313,HAS_PHONE
43-339-HAS_PHONE-1347006922,customer-43,phone-339,HAS_PHONE
44-308-HAS_PHONE-1854439234,customer-44,phone-308,HAS_PHONE
45-342-HAS_PHONE-2057780215,customer-45,phone-342,HAS_PHONE
46-321-HAS_PHONE-786274535,customer-46,phone-321,HAS_PHONE
47-323-HAS_PHONE-1393267497,customer-47,phone-323,HAS_PHONE
48-333-HAS_PHONE-1437093078,customer-48,phone-333,HAS_PHONE
49-303-HAS_PHONE-514060838,customer-49,phone-303,HAS_PHONE
50-337-HAS_PHONE-1182567679,customer-50,phone-337,HAS_PHONE
51-336-HAS_PHONE-149211133,customer-51,phone-336,HAS_PHONE
52-328-HAS_PHONE-1212913405,customer-52,phone-328,HAS_PHONE
53-334-HAS_PHONE-598183791,customer-53,phone-334,HAS_PHONE
54-303-HAS_PHONE-1372734318,customer-54,phone-303,HAS_PHONE
55-328-HAS_PHONE-514345181,customer-55,phone-328,HAS_PHONE
56-311-HAS_PHONE-1359922642,customer-56,phone-311,HAS_PHONE
57-338-HAS_PHONE-612742328,customer-57,phone-338,HAS_PHONE
58-312-HAS_PHONE-56179893,customer-58,phone-312,HAS_PHONE
59-335-HAS_PHONE-2052572703,customer-59,phone-335,HAS_PHONE
60-332-HAS_PHONE-1075206893,customer-60,phone-332,HAS_PHONE
61-338-HAS_PHONE-1057277932,customer-61,phone-338,HAS_PHONE
62-350-HAS_PHONE-1825132775,customer-62,phone-350,HAS_PHONE
63-302-HAS_PHONE-1043726863,customer-63,phone-302,HAS_PHONE
64-331-HAS_PHONE-1885829141,customer-64,phone-331,HAS_PHONE
65-340-HAS_PHONE-732641734,customer-65,phone-340,HAS_PHONE
66-336-HAS_PHONE-275374765,customer-66,phone-336,HAS_PHONE
67-311-HAS_PHONE-1148343499,customer-67,phone-311,HAS_PHONE
68-318-HAS_PHONE-559734547,customer-68,phone-318,HAS_PHONE
69-322-HAS_PHONE-1677663807,customer-69,phone-322,HAS_PHONE
70-339-HAS_PHONE-986513506,customer-70,phone-339,HAS_PHONE
71-348-HAS_PHONE-2062701502,customer-71,phone-348,HAS_PHONE
72-307-HAS_PHONE-1752358049,customer-72,phone-307,HAS_PHONE
73-332-HAS_PHONE-1049010578,customer-73,phone-332,HAS_PHONE
74-306-HAS_PHONE-1767912798,customer-74,phone-306,HAS_PHONE
75-341-HAS_PHONE-1339307703,customer-75,phone-341,HAS_PHONE
76-305-HAS_PHONE-1268363394,customer-76,phone-305,HAS_PHONE
77-302-HAS_PHONE-972456937,customer-77,phone-302,HAS_PHONE
78-339-HAS_PHONE-2097802576,customer-78,phone-339,HAS_PHONE
79-343-HAS_PHONE-1075066021,customer-79,phone-343,HAS_PHONE
80-326-HAS_PHONE-1449469099,customer-80,phone-326,HAS_PHONE
81-304-HAS_PHONE-40134054,customer-81,phone-304,HAS_PHONE
82-306-HAS_PHONE-559311813,customer-82,phone-306,HAS_PHONE
83-339-HAS_PHONE-334017009,customer-83,phone-339,HAS_PHONE
84-333-HAS_PHONE-1709778335,customer-84,phone-333,HAS_PHONE
85-348-HAS_PHONE-1990544975,customer-85,phone-348,HAS_PHONE
86-304-HAS_PHONE-1319467461,customer-86,phone-304,HAS_PHONE
87-313-HAS_PHONE-1670167160,customer-87,phone-313,HAS_PHONE
88-331-HAS_PHONE-1526615512,customer-88,phone-331,HAS_PHONE
89-322-HAS_PHONE-232618006,customer-89,phone-322,HAS_PHONE
90-303-HAS_PHONE-142216092,customer-90,phone-303,HAS_PHONE
91-303-HAS_PHONE-955113764,customer-91,phone-303,HAS_PHONE
92-328-HAS_PHONE-1445361249,customer-92,phone-328,HAS_PHONE
93-322-HAS_PHONE-340593156,customer-93,phone-322,HAS_PHONE
94-344-HAS_PHONE-983515318,customer-94,phone-344,HAS_PHONE
95-328-HAS_PHONE-1453997862,customer-95,phone-328,HAS_PHONE
96-310-HAS_PHONE-980975233,customer-96,phone-310,HAS_PHONE
97-317-HAS_PHONE-859179714,customer-97,phone-317,HAS_PHONE
98-332-HAS_PHONE-745160612,customer-98,phone-332,HAS_PHONE
99-329-HAS_PHONE-77393106,customer-99,phone-329,HAS_PHONE
100-331-HAS_PHONE-1861983377,customer-100,phone-331,HAS_PHONE
